{"cameraMode":{"drawMode":0,"name":"Shaded","section":"Shading Mode"},"sceneLighting":false,"audioPlay":false,"sceneViewState":{"showFog":true,"showMaterialUpdate":false,"showSkybox":false,"showFlares":true,"showImageEffects":true,"showParticleSystems":true,"showVisualEffectGraphs":true,"m_FxEnabled":true},"in2DMode":false,"pivot":{"x":-0.0605866014957428,"y":-0.5100129246711731,"z":1.372916340827942},"rotation":{"x":0.11398039758205414,"y":0.036063238978385928,"z":-0.004162101075053215,"w":0.9927822351455689},"size":1.7072691917419434,"orthographic":false}