{"cameraMode":{"drawMode":0,"name":"Shaded","section":"Shading Mode"},"sceneLighting":false,"audioPlay":false,"sceneViewState":{"showFog":true,"showMaterialUpdate":false,"showSkybox":false,"showFlares":true,"showImageEffects":true,"showParticleSystems":true,"showVisualEffectGraphs":true,"m_FxEnabled":true},"in2DMode":false,"pivot":{"x":-0.36843904852867129,"y":-1.029522180557251,"z":-1.1929223537445069},"rotation":{"x":0.011856541968882084,"y":-0.9803928732872009,"z":0.18632425367832185,"w":0.06244814768433571},"size":1.6298829317092896,"orthographic":false}