{"cameraMode":{"drawMode":0,"name":"Shaded","section":"Shading Mode"},"sceneLighting":false,"audioPlay":false,"sceneViewState":{"showFog":true,"showMaterialUpdate":false,"showSkybox":false,"showFlares":true,"showImageEffects":true,"showParticleSystems":true,"showVisualEffectGraphs":true,"m_FxEnabled":true},"in2DMode":false,"pivot":{"x":-1.1920928955078126e-7,"y":-0.30674120783805849,"z":-5.960464477539063e-8},"rotation":{"x":-0.2953861355781555,"y":-0.05098707228899002,"z":0.015793807804584504,"w":-0.9538570642471314},"size":1.7143375873565674,"orthographic":false}